,Summary,Adventure,Angst,Drama,Family,Friendship,Humor,Hurt_Comfort,Romance
0,"So, Gin has defected to Hueco Mundo with Aizen, now Shiro-chan (oh, sorry, Hitsugaya Taicho ; ) ) can sit back and sip at his tea, relieved that he will never hear that fox-faced traitor's name again. Or so he thinks :D My take on chapter 180 of manga (at the end of Soul Society Arc). * Complete*",0.0,0.0,0.0,0.0,0.0,1.0,1.0,0.0
1,"'Despite what I said, you meant the whole world to me. That's why, I can't let you die.' Took place the moment Ulquiorra Fight with Ichigo began. A.U. One shot. Review! First fic this fandom",0.0,0.0,0.0,0.0,0.0,0.0,1.0,0.0
2,"After the Winter War, Ichigo loses not only his powers but his friends as well. He's slowly losing himself in his thoughts and wishes that things were different. He attempts to go through many different thoughts and his own emotions. But he may not have much time to sort them. Hurt No Comfort",0.0,0.0,0.0,0.0,0.0,0.0,1.0,0.0
3,What could Santa have put under the tree for Ichigo I wonder?,0.0,0.0,0.0,0.0,0.0,0.0,0.0,1.0
4,Ichigo dreams and reminisces and yearns for transition cycles that lead her to return to him; as he slowly comes to recognize the death of her familiar smile as the new demon he now lives an empty forever to fight.,0.0,1.0,0.0,0.0,0.0,0.0,0.0,0.0
5,Kurosaki Ichigo was no coward. He wasn't then and he doesn't plan to start now. But he resorted to do everything in his powers to avoid the one man who kept giving his heart weird feelings. [Main Pairing: Byakuya x Ichigo (Byaichi)],0.0,0.0,0.0,0.0,0.0,1.0,0.0,1.0
6,"Rukia gives birth to her second child and can't help but feel happy only one of her children looks like their father. But certain legacies refuse to die, and fate will always have its way. (post-686; canon compliant divergence)",0.0,0.0,1.0,0.0,0.0,0.0,0.0,1.0
7,"Uryu watched as his friend squinted at the page in front of him. ""Do you... need glasses?"" - Fluffy Friendship one-shot, mildly UryuxIchigo",0.0,0.0,0.0,0.0,1.0,0.0,0.0,0.0
8,"Inspired by the song with the same title by Taylor Swift, Izuru Kira hears Wabisuke's name for the first time.",0.0,1.0,0.0,0.0,0.0,0.0,0.0,0.0
9,Episode 366 / Ichigo is back in Kurakara. He has his shinigami powers back and is happily welcomed by his family and friends. Especially Ishida is happy that Ichigo is healthy and back to his old self. And suddenly everything is like before the fight with Aizen again. Or even better? - [Ichigo/Uryuu],0.0,0.0,0.0,0.0,1.0,0.0,0.0,1.0
10,A little short about my OC Sheba meeting her new toy Grimmjow. Just for fun.,0.0,0.0,0.0,0.0,0.0,1.0,0.0,0.0
11,"They were more than classmates, more than comrades, more than friends…they were Nakama. Their trust in each other was great and it would take them far, to Heaven and beyond… Or, the one where Grand Fisher is early, Rukia is late and everything goes from there. (Ichiruki, Ulquihime, Hitsukarin, GinRan and many others). Epic Length! (Read AN for the canon that was ignored or changed)",0.0,0.0,0.0,0.0,1.0,0.0,0.0,1.0
12,Rukia and Orihime go to the hot springs. Rukihime one-shot.,0.0,0.0,0.0,0.0,1.0,0.0,0.0,1.0
13,Ichigo and Rukia get caught in a rain shower on the way home from a convenience store. Ichiruki one-shot.,0.0,0.0,0.0,0.0,0.0,0.0,1.0,1.0
14,"For Aizen, Gin has always been like a lighthouse, shining brightly, keeping him from becoming too lost at sea. And that has never been more obvious to him than when trapped in the confines of Central 46 after faking his death. A fluffier piece set in Heirverse late phase 3, set after my other piece Home. And probably several others. Can be read on its own.",0.0,0.0,0.0,1.0,0.0,0.0,0.0,1.0
15,"There were so many memories, so many feelings for his tiny heart with a child's shape when he had the burdens of an old man...",0.0,1.0,1.0,0.0,0.0,0.0,0.0,0.0
16,"After the war, Kuchiki Byakuya was relieved that Kurosaki Ichigo kept his promise of saving Soul Society meanwhile Ichigo was relieved that Byakuya was well. The two met at the celebration party and somehow, something bloomed in their hearts. [Main Pairing: Byakuya x Ichigo (ByaIchi)]",0.0,0.0,0.0,0.0,0.0,1.0,0.0,1.0
17,"It's a little late in winter and Ichigo realizes that maybe, he's been falling little by little in love with Inoue all along. one-shot.",0.0,0.0,0.0,0.0,0.0,0.0,0.0,1.0
18,"With the right spirit as his zanpakutō, Ichigo wants to fight for Bankai again. However, Zangetsu isn't as easy to defeat as Ichigo had thought. When their expectations of one other clash harder than their swords, it creates a strain on their developing bond. As wielder, it's up to Ichigo to fix it. [Can be read on its own. Order in profile].",0.0,0.0,1.0,0.0,0.0,0.0,0.0,0.0
19,Ichigo is nervous about his budding relationship with Uryu. His hollow thinks he's overthinking all of it. Ichigo/Shiro with mentioned Ichigo/Uryu. Self-indulgent gay smooching.,0.0,0.0,0.0,0.0,0.0,0.0,0.0,1.0
20,"kintsugi (金継ぎ): The Japanese art of repairing broken pottery by mending the areas of breakage with lacquer dusted or mixed with powdered gold, silver, or platinum. Lit. ""to join with gold"". The worth of a man is not solely measured by his scars. Kuchiki Rukia sees nothing wrong with appreciating Ichigo's scars, at the very least.",0.0,0.0,0.0,0.0,0.0,0.0,1.0,1.0
21,K. Rukia is Kurosaki Ichigo's secretary.,0.0,0.0,0.0,0.0,0.0,1.0,0.0,0.0
22,"Shuuhei is a smart person. Sometimes he gets very smart ideas. This is not one of them. In which Shuuhei doesn't use bubble wrap for it's intended purpose, Izuru is tired, and Renji just comes along for the ride.",0.0,0.0,1.0,0.0,0.0,0.0,0.0,1.0
23,"With the rescue of Rukia Kuchiki successfully completed, Kisuke and Yoruichi have a little chat to catch up on the details.",0.0,0.0,0.0,0.0,1.0,1.0,0.0,0.0
24,In which Captain Hitsugaya experiences some growing pains and Rukia Kuchiki develops an unusual connection to him.,0.0,0.0,0.0,0.0,1.0,1.0,0.0,0.0
25,"Now that he's found a home in Squad 11, Ikkaku worries that maybe it's time for Yumichika to find the place he's meant to be, as well.",0.0,0.0,0.0,0.0,1.0,0.0,0.0,1.0
26,A scandalous gift from Shunsui unravels a string of romantic drama. Note: This fic ignores everything after Chapter 650.,0.0,0.0,0.0,0.0,0.0,0.0,0.0,1.0
27,"The next morning is the first day he coughs up petals, narrow and snowy white as they land in his palm. He must have inhaled them at some point, he thinks, although they don't look mangled enough for that. Maybe now that they're gone, he won't cough anymore. He's utterly, completely wrong. A fic for day 6 of IchiRuki week.",0.0,0.0,0.0,0.0,0.0,0.0,0.0,1.0
28,"They're already late for a meeting when Ichigo finds Rukia in front of the mirror, trying to make her shihakusho fit. It's not working. A Deathberry Family fic for IchiRuki week.",0.0,0.0,0.0,0.0,0.0,0.0,0.0,1.0
29,"A year after the war, Ichigo takes Rukia away for a weekend to rest - and to mourn what she's lost. A Deathberry Family fic for IchiRuki week.",0.0,0.0,1.0,0.0,0.0,0.0,0.0,0.0
30,Day 6 of IR week- Silence speaks louder than both words and actions combined. And sometimes when you say nothing— that is when I hear you scream the loudest. Heartbreak is like this.,0.0,0.0,0.0,0.0,0.0,1.0,0.0,1.0
31,"Day 5 of IR week- He blames it all on Rukia, who makes him feel things and turns him into a sap.",0.0,0.0,0.0,0.0,0.0,0.0,1.0,1.0
32,"[Discord IchiRuki Week! Day 3: There's a curse between us] Rukia was the victim of a terrible curse. Or, at least, that's what malicious rumors were saying.",0.0,1.0,0.0,0.0,0.0,0.0,0.0,1.0
33,"Ichigo turns into a child when he accidentally swallows a few pills that Grimmjow had in his pockets. Grimmjow decided to take him back to Las Noches and kill him if he has permission from Aizen. However, Aizen has other plans. ""You are to take care of the child and raise him to be of use to me in the upcoming war. Do whatever you deem necessary."" ""NaNI de F*cK!""",0.0,0.0,0.0,0.0,0.0,1.0,0.0,1.0
34,Rukia's just a little delivery witch trying to get her packages delivered on time. The only monster that can knock her off her broom is the handsome vampire who lives in that lonely manor on the hill.,0.0,0.0,0.0,0.0,0.0,0.0,0.0,1.0
35,Friends and family are gained in the soul society. Will Toshiro and Renka find where they belong?,0.0,0.0,0.0,1.0,0.0,0.0,1.0,0.0
36,Ichika has big plans for her father's birthday party. Byakuya is ready and eager to help... if only he could figure out this drawing is supposed to be.,0.0,0.0,0.0,0.0,0.0,0.0,0.0,1.0
37,"Sometimes he hated being Toshiro. An Albino dork with huge, thick glasses and no growth spurt in sight. Everyone at school teased him. He was never going to get a girlfriend. Most of his friends were fictional. -but today was the seventeenth of October! Today was the day he was going to meet the author of his favourite manga series, 'Zanpakuto: Legends of the Seireitei!",0.0,0.0,0.0,0.0,0.0,0.0,1.0,0.0
38,Things go very wrong for Ichigo on graduation night as an experimental treatment designed to preserve his human body turns him into a girl. A FemIchi fic.,0.0,0.0,0.0,1.0,0.0,1.0,0.0,0.0
39,"People think that what they see is enough to confirm their suspicions. Nemuri knows that's not true. She knows her captain better than anyone, and there are things about him that nobody sees. (Post-TYBW)",0.0,0.0,0.0,0.0,1.0,0.0,0.0,0.0
40,There is a strange sort of comfort to be found in the intangible. He shouldn't have to explain it. (Pre-TYBW),0.0,1.0,1.0,0.0,0.0,0.0,0.0,0.0
41,"The war has taken much from many, and casts a frightening new burden upon the shoulders of Isane Kotetsu. Presiding now as Captain of the Fourth Division, she struggles to see what decency – if any – her late mentor saw in the likes of Mayuri Kurotsuchi. (Post-TYBW. Tie-in with all my old KuroHana fic.)",0.0,0.0,0.0,1.0,0.0,0.0,0.0,0.0
42,"Within each of the 17 months, Ichigo thought about Rukia. After a year had passed, he accepted his true feelings for Rukia with the help of a new person in his life, someone who reminds Ichigo of Rukia's continued presence in his life. One-shot that follows Ichigo during each of the 17 months that he was apart from Rukia.",0.0,0.0,0.0,0.0,0.0,0.0,0.0,1.0
43,"Kuchiki Byakuya watches as Rukia, Renji, and his niece Ichika enjoy a spring day at Kuchiki Manor. But while this brings him a deep joy, he cannot ignore a dull sense of melancholy and the thoughts of lost opportunities. One-shot",0.0,0.0,0.0,0.0,0.0,0.0,1.0,0.0
44,"Needless to say, Ichigo never thought he would develop the instincts of a dog when he visited the Soul Society, complete with a taste for meat, desire to play fetch and take command. At least he's not the only one affected. One Captain in particular isn't very keen on his newfound instincts but it seems impossible to keep it a secret. Requested fanfic. Rated T to be safe. R&R plz.",0.0,1.0,0.0,0.0,0.0,0.0,0.0,1.0
45,"""It was in the split second he took to unlock his phone that everything went wrong."" - In which Orihime and Ichigo are a pair of loving and supportive dorks that dare to be orange.",0.0,0.0,0.0,1.0,0.0,0.0,0.0,1.0
46,"Grimmjow knew what he was. He normally didn't have a problem with it either. But then...the incidents started happening. That made him question. Ichigo made him feel like himself again though. It still didn't mean he wasn't fighting with his instincts...gosh, things used to be so simple. (Twisted manga AU, spooky-themed, kinda dark. One-shot)",0.0,0.0,0.0,0.0,0.0,1.0,0.0,0.0
47,"There are some things that do not warrant explanation. This is one of those things, and Akon finds himself quite content with that. (AU.)",0.0,0.0,0.0,0.0,0.0,0.0,0.0,1.0
48,"After losing his powers, Kurosaki Ichigo was surprised to see familiar faces coming to the World of the Living to help him get his powers back. The face of the captain of the 6th, Kuchiki Byakuya, shocked him even more. What does this mean of their ""relationship"" now? [Main Pairing: Byakuya x Ichigo (byaichi)]",0.0,1.0,0.0,0.0,0.0,0.0,0.0,0.0
49,"Mayuri reflects on the nature of his entanglement with Unohana, and people are beginning to take notice of the fact that something is more off about him than usual. (Post-TYBW. Follow up to Change Is In Everything.)",0.0,0.0,0.0,0.0,0.0,0.0,0.0,1.0
50,Because Kurosaki Ichigo knewed his body. The good sides and the bad sides.,0.0,0.0,0.0,0.0,0.0,0.0,1.0,1.0
51,"Ichigo's powers never returned after using the Final Getsuga Tenshō. Everyone has left Soul Society, ether willing or forced. Ichigo, now 81, had died. What happened when he arrives at Soul Society? Will he be able to tear the heavens asunder or will heaven tear Ichigo apart? ""Death is never an end, but always a beginning.""-Neale Donald Walsch Abandoned and up for adoption.",0.0,1.0,0.0,0.0,0.0,0.0,0.0,0.0
52,"Rangiku didn't like to open her eyes and find herself completely alone, but after all, he was never there. HitsuMatsu (friendship) and GinRan. Some OOCness. One-shot.",0.0,0.0,0.0,0.0,0.0,0.0,1.0,0.0
53,"Months after Aizen's defeat, & the gang is back to resuming their normal lives while also forming a unique friendship with the remaining Espada. As Orihime tries to move on from the ordeal while figuring out her relationship with her previous jailer, a mysterious figure falls from the sky and begins to hunt her down. But why? [UlquiHime] [COMPLETE!]",0.0,0.0,1.0,0.0,0.0,0.0,1.0,0.0
54,"Orihime is injured in a hollow attack that has both Ichigo and his son scrambling around, trying to figure out what to do. Short drabble to scratch my Orihime/Ichigo itch",0.0,0.0,0.0,0.0,1.0,1.0,0.0,0.0
55,"Implied Uraichi at end of second chapter. When Ichigo is hurt, Yuzu doesn't know what to do. All she knows is that he can't leave the Urahara Shouten, and it's spiritual stuff. So she prays to another spirit... with unexpected, though not unwelcome results. Kitsune!Ichigo. Technically complete.",0.0,0.0,0.0,0.0,0.0,0.0,0.0,1.0
56,Drabbles- What kind of big brother would Ichigo be if he had a little brother and a sister? Genderbent Yuzu.,0.0,0.0,0.0,1.0,0.0,0.0,0.0,1.0
57,"When Ichigo's family is in danger, he stumbles across a strange man who can help him... a spirit trapped in a fan. Hikago no go Fusion/inspired, but that's not necessary to read. Written for Uraichi 2018, but not a romantic fic unless you squint.",0.0,0.0,0.0,1.0,0.0,0.0,0.0,0.0
58,"At the end, Orihime always knew...",0.0,0.0,0.0,1.0,0.0,0.0,0.0,0.0
59,"Every year, on the first day of flower viewing season, Byakuya would always find himself seated under his favorite cherry blossom tree. That was, until today. Soifon swayed the foot she dangled off the branch, looking down on the sixth division captain from under her nose. ""I'm not leaving this spot Kuchiki."" It was the beginning of a rivalry. ByakuyaXSoifon",0.0,0.0,0.0,0.0,0.0,0.0,0.0,1.0
60,"""I am a vice-captain. Not a candidate."" She holds her head high, an unspoken dare. ""Whether I transfer to the First Division or not, that is my rank. I will not have you address me as any less."" [Or: Shunsui and Nanao, en route to the First Division.]",0.0,1.0,0.0,0.0,0.0,0.0,0.0,0.0
61,"Toshiro visits Momo while she recovers after Aizen's defeat. His guilt and grief for being the one who put her there has been eating him up. But with some urging from Unohana, he finds new ways to be there for her and help her come back.",0.0,0.0,0.0,0.0,0.0,1.0,0.0,1.0
62,"Tesla says no. /NnoiTes, short and comedic.",0.0,0.0,0.0,1.0,0.0,0.0,0.0,1.0
63,In which Kira and Renji really shouldn't be surprised by this point that Hisagi is involved.,0.0,0.0,0.0,0.0,1.0,0.0,0.0,0.0
64,A retelling of return of the Deathberry.,0.0,0.0,0.0,0.0,0.0,0.0,1.0,0.0
65,"A retelling of Chapter 423 ""Farewell Swords""",0.0,0.0,0.0,0.0,0.0,1.0,0.0,1.0
66,Renji and Orihime bake a cake and talk about life.,0.0,0.0,0.0,0.0,1.0,0.0,1.0,0.0
67,"He had become disillusioned after the war. His spirit and will were lost. Struggling to find a new desire and purpose in life, he continuously wandered the vast desert, hoping to get answers. If only he knew that what he was truly searching for was right back where he left. GrimmjowXSung-Sun. OneShot. NON-Lemon.",0.0,0.0,0.0,0.0,1.0,1.0,0.0,0.0
68,"Following the final war, Central 46 have issued new orders that don't bode well for our favourite characters. Head Captain Kyoraku has a plan, the Omega's and Alpha's will go through a series of compatibility tests to determine which souls would be best suited for each other. {Mature version on Ao3, Omegaverse, multi pairings, designed to keep you guessing.}",0.0,0.0,0.0,0.0,0.0,0.0,1.0,1.0
69,Silence... It's what Toshiro's best at when it comes to Karin. Toshiro x Karin,0.0,0.0,0.0,0.0,0.0,0.0,1.0,1.0
70,"""What if?"" two little words that could tangle the threads of fate in an instant. After losing her sister to the harsh streets of Inuzuri, Hisana Kuchiki finally finds Rukia - with the help of her beloved husband. [AU]",0.0,0.0,0.0,0.0,1.0,0.0,0.0,0.0
71,"Her body slams into someone much taller and stronger, and Rukia topples backwards, falling to the cobblestone ground with a cry. ""Ah. I'm sorry,"" a deep voice says, and a hand slides beneath her elbow to help her up. Rukia can feel the warmth of his hand through the fabric of her dark purple kimono, and she straightens up with his help. ""I was in a rush and wasn't looking whe—""",0.0,0.0,0.0,0.0,0.0,0.0,1.0,1.0
72,Ichigo and Rukia arguing about Romeo and Juliet.,0.0,0.0,1.0,0.0,0.0,0.0,0.0,1.0
73,Ichigo and Rukia training in the Royal Realm.,0.0,1.0,0.0,0.0,0.0,0.0,0.0,1.0
74,"A short history of Ichigo and Senna, if you read this I hope you enjoy it.",0.0,0.0,0.0,0.0,0.0,0.0,0.0,1.0
75,"He wasn't fond of rainstorms. Rain always found a way to make him sad, almost nostalgic, certainly emotional about the past and that wasn't a feeling he appreciated. But her presence alone was enough to get him out of his dark thoughts.",0.0,0.0,1.0,0.0,0.0,0.0,0.0,1.0
76,"On a routine mission, Renji and Rukia find themselves up against their own insecurities, the weather and their relationship, that they need to overcome in order to prove themselves successful.",0.0,0.0,0.0,0.0,0.0,1.0,0.0,1.0
77,"Rukia was staring at captain Hitsugaya with a bewildered look, slack-jawed. She was so shocked that she did not even notice that she had dropped her brush which was now dripping ink all over her rapports and desk. Of all the things she had expected, this was not it. Not even in her wildest dreams would this scenario have played out. VR video game time :D",0.0,0.0,0.0,0.0,0.0,0.0,0.0,1.0
78,"Across the battlefield, all too still bodies littered the ground. Black lumps in the dirt, their skin covered with blood, their swords dropped or broken by their feet. Rangiku held Haineko in trembling hands, her eyes stinging with tears. This was the end. [Rangiku Bankai reveal - written for the Seireitei Server August Writing Challenge 2020]",0.0,0.0,0.0,0.0,0.0,1.0,0.0,1.0
79,"""For your first bake, the judges would like you to start with something simple: a tea cake. You can choose any flavor combination you'd like, but it must be large enough to serve at least eight people. On your mark, get set, bake!"" - In which Byakuya and Yuzu compete in the nation's most popular baking contest. A fluffy, silly fic for IchiRuki Month 2020.",0.0,0.0,0.0,0.0,0.0,0.0,1.0,0.0
80,The thing about Rukia is that Ichigo can't ignore her.,0.0,0.0,0.0,0.0,0.0,0.0,0.0,1.0
81,"The door opens and Prince Omaeda lumbers through, his head brushing the top of the wooden doorframe. His pale blue tunic matches Rukia's dress and stretches over his bulk. ""I thought Mayuri killed you,"" he comments. ""It's a pity you didn't stay dead."" A Princess Bride fusion for IchiRuki Month 2020.",0.0,0.0,0.0,0.0,0.0,0.0,0.0,1.0
82,"Day 26 and 27 of Ichiruki month 2020- When he looks at her again, he thinks the roar of the ocean dulls in comparison to the rush of blood coursing through his veins. ""Let's get married.""",0.0,0.0,0.0,0.0,1.0,0.0,0.0,0.0
83,"Toshiro is kidnapped when he was four and Karin saved him from death. Deals with human trafficking, and some child abuse from traffickers at the beginning",0.0,0.0,0.0,0.0,1.0,0.0,0.0,1.0
84,"When the Seireitei is on the very brink of collapse, Ichigo is tasked with finding a fighting force greater than any army that walks the afterlife. But these people are not all they seem. Ichigo must forge new allegiance's and rekindle any faith left in soul society from these 'Heroes'. IchiNel. ReWrite in Progress.",0.0,0.0,0.0,0.0,0.0,0.0,1.0,0.0
85,Rukia and Ichigo welcome a new addition into their lives. For IchiRuki Month 2020.,0.0,1.0,0.0,0.0,0.0,0.0,0.0,1.0
86,"Sometimes, it is within the unsaid that the most important message is perceived. Timeline is before Soul Society Arc.",0.0,0.0,0.0,0.0,0.0,1.0,0.0,1.0
87,Day 24 of Ichiruki month 2020- In Love's unvarying law it is dictated that there is one who shall weep and the other who shall stray. Who is she to argue against it?,0.0,0.0,0.0,0.0,0.0,0.0,0.0,1.0
88,"The thing is, he's known for years that they have a bond. It's just that he feels he can finally say the words that have been pressing against the backs of his teeth for so long. For IchiRuki Month 2020.",1.0,0.0,0.0,0.0,0.0,0.0,0.0,1.0
89,Ichigo keeps his promises. A somewhat fluffy fic for IchiRuki month 2020.,0.0,0.0,0.0,0.0,0.0,1.0,0.0,1.0
90,"Reunited after five years, Ichigo and Rukia take the chance to catch up! First attempt at a oneshot that could become a series later on. (AU) Based off a song I was listening to. It kind of made me imagine them in this situation. Woohoo!",0.0,0.0,0.0,0.0,0.0,0.0,1.0,1.0
91,"Day 23 of Ichiruki month 2020- The transition from boy to man comes with inner peace. It comes with the realization that he doesn't have anything to prove, that a blade should only ever be drawn to maim and kill; and that Rukia will go to the ends of the world to hunt him down and end him herself if he was dumb enough to get himself killed.",1.0,0.0,0.0,0.0,0.0,0.0,0.0,0.0
92,"They both had a fight and for the whole week, Rukia decided to avoid him like the plague. Ichigo would have tried to approach her faster if only she didn't have different alpha's scent marks covering her every day. Pissed was putting it mildly. (ABO Verse / IchiRuki Month, day 3 & 12).",0.0,0.0,0.0,1.0,0.0,0.0,0.0,0.0
93,"On one fateful night, Orihime and Ichigo are woken up by their dreams and drawn to the local park in Karakura Town. Will their feelings finally reach each other in this destined encounter? One-shot, Post-WDKALY.",0.0,0.0,0.0,0.0,1.0,0.0,0.0,1.0
94,"Some of the lieutenants of the Gotei-13 express their regrets and fears to one another after Aizen, Tosen, & Gin's betrayal. Although the guilt and shame are hard to shake off, they take comfort in each other's similar struggles and lifelong bonds are forged . Minor Shu/Ran. Chars: Izuru, Momo, Renji, Rangiku, Shuhei. For The Seireitei discord server's Aug2020 writing challenge.",0.0,0.0,0.0,0.0,0.0,0.0,1.0,1.0
95,"Day 22 of Ichiruki month 2020- ""What are you babbling about?"" His voice is gruff, but the lines on his face soften as he sets the birthday cake to her eye-level, ""Make a wish, midget!"" (Rukia-centric thoughts)",0.0,0.0,0.0,0.0,0.0,0.0,0.0,1.0
96,"Sensing she needs a break, Ichigo takes Rukia on a surprise getaway. But she has a small surprise for him as well. Unrepentant domestic fluff for IchiRuki Month 2020.",0.0,0.0,0.0,0.0,0.0,0.0,0.0,1.0
97,Starrk gets an unexpected visitor when he comes home from work.,0.0,0.0,1.0,0.0,0.0,0.0,1.0,0.0
98,Day 19 and 21 of Ichiruki month 2020- Demons are a pain in the neck. Exhibit A: The pint-sized she-demon Ichigo's stuck with until further notice.,0.0,0.0,0.0,0.0,0.0,0.0,0.0,1.0
99,"The world spins too fast, and not at all. They both fall apart in their own ways. For IchiRuki Month 2020.",0.0,0.0,1.0,0.0,0.0,0.0,0.0,1.0
100,"When Soul Society catches wind of Ichigo's returning powers, they want to talk with him. Reluctantly, Ichigo agrees and heads over to the Seireitei to hear what they have to say. [Can be read on its own. Order in profile].",0.0,0.0,0.0,0.0,0.0,0.0,1.0,1.0
101,"Ichigo and Rukia are looking forward to their wedding day. Assuming Isshin and Byakuya don't kill each other while planning it. A 685/686 ignoring, fluffy fic for IchiRuki Month.",0.0,0.0,0.0,0.0,1.0,0.0,1.0,0.0
102,"Day 18 of Ichiruki month 2020- ""To be fond of dancing was a certain step towards falling in love.""- Jane Austen, Pride & Prejudice",0.0,0.0,0.0,0.0,0.0,0.0,0.0,1.0
103,"Ichigo doesn't think he will ever get over her smile. To be honest, he doesn't want to.",0.0,0.0,0.0,0.0,1.0,1.0,0.0,0.0
104,"Ichigo and Rukia have regular date nights. Unfortunately, they're miles apart and separated by lock down orders. A modern AU for IchiRuki Month 2020.",0.0,0.0,0.0,0.0,0.0,0.0,0.0,1.0
105,Day 16 of Ichiruki month 2020- Trapped inside a fantasy MMORPG. Send help please?,0.0,0.0,0.0,1.0,0.0,0.0,0.0,1.0
106,A honeymoon in Iceland under the stars and in the snow and wind. A modern AU for IchiRuki Month 2020.,0.0,0.0,0.0,0.0,0.0,0.0,1.0,1.0
107,Ichigo has an important conversation. For IchiRuki Month 2020.,0.0,0.0,0.0,0.0,0.0,0.0,0.0,1.0
108,"When you spent your whole life fighting, what was there to do when you had nothing left to fight for? What purpose did Kurosaki Ichigo even have in this world anymore? Ichigo's life during the seventeen months without Rukia. For Day 7 of Ichiruki Month 2020.",0.0,0.0,0.0,0.0,1.0,1.0,0.0,0.0
109,"Rukia, Ichigo and a car.",0.0,1.0,0.0,0.0,0.0,0.0,0.0,0.0
110,"This wasn't supposed to happen. They won the war, after all. For IchiRuki Month 2020. Warning: Major Character Death.",0.0,0.0,1.0,0.0,0.0,0.0,0.0,0.0
111,"It has been one year since Ichigo Kurosaki had passed, and Orihime Inoue goes to the Soul Society to gather at the memorial with everyone else who loved him. While there, she finds herself comforting the last person in the world she would ever think needed comfort.",0.0,0.0,0.0,0.0,0.0,1.0,0.0,1.0
112,Rukia and Ichigo are very nice people. Unless you mess with their daughter. A canon-divergent fic for IchiRuki Month 2020.,0.0,0.0,1.0,0.0,0.0,0.0,0.0,1.0
113,"Ichigo Despite living a normal life can not help feeling that something is happening, for his bad luck doesn't know how right it is. A guy with armor and a bastard sword is the encounter with a new empire. Alternative canon post-Aizen. I hope you enjoy it. (I suck with the summary) Rating T: Blood",0.0,0.0,0.0,0.0,1.0,0.0,0.0,1.0
114,"OneShot. The war has ended, and years have gone by. But she hasn't forgotten. It was only a matter of time before she found where they were hiding.",0.0,0.0,0.0,0.0,0.0,1.0,0.0,1.0
115,Ichigo is like a tall tree: he is pining. A modern AU for IchiRuku Month 2020.,1.0,0.0,0.0,0.0,0.0,0.0,0.0,1.0
116,I use Love Confession by Jay Chou as my prompt amd aspiration to write IchiHime!,1.0,0.0,0.0,0.0,0.0,0.0,0.0,1.0
117,"[IchiRuki month 2020! Day 7: Why are you full of rage? Because you are full of grief] There are many things that Ichigo doesn't remember. Like, for example, what he is. Or rather, who he is. Aizen loves to tell him that he is the most perfect of all his creations, Ichigo knows that he is more than that. Canon divergence.",0.0,0.0,0.0,0.0,0.0,1.0,0.0,1.0
118,Being a lieutenant and an acting captain isn't exactly easy. Especially not today. For IchiRuki Month 2020.,0.0,1.0,0.0,0.0,0.0,0.0,0.0,1.0
119,"The Arrancar were not all as loyal as they might seem. A conspiracy rose in secret among their ranks, and these conspirators set forth a plan to escape Aizen's rule. Twenty-five years later, the effects of their plan are felt as a number of young citizens of Karakura are caught up in a dangerous plot to return to Soul Society, and defeat a monster long thought locked away...",0.0,0.0,0.0,0.0,0.0,1.0,0.0,0.0
120,"She screamed as if the very heart of her was being torn out, and Ichigo leapt to her side as the rain poured down. For IchiRuki Month 2020.",0.0,1.0,0.0,0.0,0.0,0.0,0.0,0.0
121,Day 6 of Ichiruki month 2020- He is weightless only with Rukia.,0.0,0.0,0.0,0.0,0.0,0.0,1.0,1.0
122,"In which, Kuchiki Byakuya reflects on his feelings toward Kuchiki Hisana. A look into a more depressing aspect of the love for his former wife.",0.0,0.0,0.0,1.0,0.0,1.0,0.0,0.0
123,Ichigo makes a mistake and finds himself cast in a musical. For IchiRuki Month 2020.,0.0,0.0,0.0,0.0,0.0,0.0,0.0,0.0
124,"At the end, the black sun and the white moon fall so that the worlds they protect do not.",0.0,1.0,0.0,0.0,0.0,0.0,1.0,0.0
125,He's only known her for two months. Why does her leaving feel like a betrayal? For Day 5 of Ichiruki Month 2020.,0.0,0.0,0.0,0.0,0.0,1.0,0.0,1.0
126,Sometimes Ichigo wonders what his life could've been.,0.0,0.0,0.0,0.0,0.0,1.0,0.0,1.0
127,Heirverse late phase 2. And a companion piece to HK's piece 'Hear My Prayer' available on Ao3 under my works. Gin composes a song on the piano for Sousuke to surprise him. AiGin. Fluff.,0.0,0.0,0.0,0.0,1.0,0.0,0.0,1.0
128,He's healing. It's good. Rukia still wants to yell at him though.,0.0,0.0,0.0,0.0,0.0,1.0,0.0,0.0
129,"Day 1 of IR month 2020- ""Stop seducing me in front of my daughter!""",0.0,0.0,0.0,0.0,0.0,0.0,1.0,0.0
130,"Professor Kurosaki's students know three things about him besides his name and academic history at the university: He's young, he's good looking, and thank every god above, he is good with technology. What he doesn't seem to be good at is sharing his private life. That is, until quarantine happens. And his students get a front row seat.",1.0,0.0,0.0,0.0,1.0,0.0,0.0,0.0
131,"The thing about rumors is that there's always some kind of truth to them. It might not be the obvious thing that happens to be true, the thing that has everyone's attention, because that would be too easy. What's true is usually the thing buried beneath it. But sometimes. Sometimes, the whole rumor is true, and sometimes, they're true because the rumor made it that way.",0.0,0.0,0.0,0.0,0.0,0.0,1.0,0.0
132,THIS IS NOT A ROMANTIC ONE SHOT. Toshiro was being pushed out by his own lieutenant from his paperwork. [Juushiro x Toshiro],0.0,1.0,0.0,0.0,0.0,0.0,0.0,1.0
133,"Technology isn't exactly most shinigamis' forte... Drabbles about the misfortunes of a Substitute Shinigami, desperately trying to keep in touch with his lovely girlfriend, living in another world. /IchiRuki.",0.0,0.0,0.0,0.0,0.0,1.0,0.0,1.0
134,"""Is that a bite mark?"" Kira asked him one day over lunch, goggling at Renji's bruised neck. ""It is! Renji, I can see the outline of teeth. Whose teeth are those?""",0.0,0.0,0.0,0.0,0.0,0.0,0.0,0.0
135,AU. Ichigo Kurosaki meets a girl named Noel Niihashi (Burn The Witch) over the internet and falls in love. What will happen when the two try to meet?,0.0,0.0,0.0,0.0,0.0,0.0,0.0,1.0
136,Rukia knows for a fact that someone is stealing flowers out of her garden.,0.0,0.0,0.0,0.0,0.0,0.0,0.0,1.0
137,Yumichika had intended it to be a quick joke— a little messing with the recruits— but it very quickly got out of hand. And before he knew it Kurosaki Ichigo might as well be the fourth seat of the eleventh division for how many people actually believed it.,0.0,0.0,0.0,0.0,0.0,0.0,0.0,1.0
138,"During the Thousand Year Blood War arc, a dramatic turn of events occurs to where Orihime Inoue and Sōsuke Aizen develop a bond and care for one another. What causes this? Why would complete opposites bond over anything?",0.0,0.0,0.0,0.0,0.0,0.0,0.0,1.0
139,"(summary of all OSs at the end of first chapter) Bleach OSs: 6) Shunsui is overseeing the soul arrivals in Rukongai when he's told two of them remember him. post-Winter War. 7) In the distant past stands the Soul King and his followers, as he changes the world. 8) Retsu thinks about the boy who took her title and the girl he gave her name to.",0.0,0.0,0.0,1.0,0.0,0.0,0.0,1.0
140,Bambietta likes doggies. She also likes Shiro-chan...,0.0,0.0,0.0,0.0,0.0,0.0,0.0,1.0
141,Kuchiki Byakuya tasked himself to make his favorite person feel special on his special day. Main Pairing: Byakuya x Ichigo (ByaIchi) [HAPPY BIRTHDAY ICHIGO!],0.0,0.0,0.0,0.0,0.0,0.0,0.0,1.0
142,When Renji and Nanao are fed up with their unrequited love interests they decide to act on the growing attraction between them. Will Shunsui and Rukia realize what could be slipping between their fingers in time? Or will a new pairing blossom instead?,0.0,0.0,0.0,0.0,0.0,1.0,0.0,0.0
143,"Rukia and Renji go to visit the Kurosaki clinic to let their friends in on their surprise news. However, they didn't count on finding out that Orihime is pregnant too. As the mothers gushed to each other about their unborn babies, the fathers competed and wound each other up, but despite their disagreements, they both understood one thing. Pregnant women are insane.",0.0,0.0,0.0,0.0,0.0,1.0,0.0,1.0
144,"This is a request from Loveanimelove. In this one, it is a normal Sunday where Ichigo is trying to help his dad in the clinic. It has been kind of quiet except for the upping of deaths in the past three weeks. It turns out one of Captain Kurotsuchi's experiments has gone rogue and now Byakuya, Renji and Rukia have to blend in to find him. Can they find him? Enjoy :)",0.0,0.0,0.0,0.0,0.0,1.0,0.0,1.0
145,"The first time he leaves she's in middle school. When it happens again, she's just as unprepared as she was the first time. Eventually Toshiro actually leaves her. Like, properly leaves her. The next time he's gone it's so painful she burns their home down.",0.0,0.0,0.0,0.0,0.0,0.0,1.0,0.0
146,"Because nobody knew they would have anything in common. Nobody knew it would come down to this. Not even the two involved. One shot, reflective Zaraki",0.0,0.0,0.0,0.0,0.0,1.0,0.0,1.0
147,"Ichigo and Orihime get the gang together in Karakura Town to share their exciting news with their friends! Post-manga story about the events leading up to their son Kazui, because there aren't nearly enough fics about it!",0.0,0.0,0.0,0.0,0.0,0.0,0.0,1.0
148,the 4 times Rangiku read Aizen better than Gin. And the one time she was dead wrong. aka: Rangiku's perspective on the AiGin relationship as per heirverse canon. Prompt request for timewaster123456789.,0.0,0.0,0.0,1.0,0.0,0.0,1.0,0.0
149,"Rukia didn't expect for her friend to be gay and honestly, Ichigo didn't expect it either. Main Pairing: Byakuya x Ichigo [ByaIchi]",0.0,0.0,0.0,0.0,0.0,0.0,0.0,1.0
150,"Hinamori and Hirako got involved into a big battle with Matsumoto, Rose, and Kensei. Before this, 5th division mission is to finding them but they get to fighting them. Without they know, they have to fighting with zombie 10th division. What will Hinamori do? Bleach is not mine. Hitsuhina one-shot. Zombiegaya x Hinamori.",0.0,0.0,0.0,0.0,0.0,1.0,0.0,0.0
